concurrency,cpuTime,mem,totalPaths,maxPaths,avgPaths
2,752.88,118,16384,16384,2085.4000000000005
2,613.98,149,16384,16384,2085.4000000000005
