concurrency,cpuTime,mem,totalPaths,maxPaths,avgPaths
6,129.71,92,173946175488,20,4.633333333333333
6,162.66,93,173946175488,20,4.633333333333333
