concurrency,cpuTime,mem,totalPaths,maxPaths,avgPaths
2,254.16,95,524288,2,1.3166666666666669
2,264.10,96,524288,2,1.3166666666666669
2,114.29,96,524288,2,1.3166666666666669
