concurrency,cpuTime,mem,totalPaths,maxPaths,avgPaths
10,857.55,87,190210142896128000,1128,96.64999999999998
10,926.51,85,190210142896128000,1128,96.64999999999998
