concurrency,cpuTime,mem,totalPaths,maxPaths,avgPaths
5,144.39,38,10319560704,78,13.6
5,280.36,42,5944066965504,78,14.533333333333333
5,132.00,43,5944066965504,78,14.533333333333333
