concurrency,cpuTime,mem,totalPaths,maxPaths,avgPaths
2,98.64,35,8192,4,2.480000000000001
2,54.34,35,65536,4,2.5000000000000004
2,80.85,36,65536,4,2.5000000000000004
