concurrency,cpuTime,mem,totalPaths,maxPaths,avgPaths
30,5574.90,236,18122799725936640000,2406,311.2500000000001
30,5516.10,193,18122799725936640000,2406,311.2500000000001
