concurrency,cpuTime,mem,totalPaths,maxPaths,avgPaths
12,282.37,93,47029248,204,54.086956521739125
12,266.46,93,36854077075834798080,252,54.03389830508475
