concurrency,cpuTime,mem,totalPaths,maxPaths,avgPaths
15,2230.50,93,372811880076410880000000,1476,116.16666666666666
15,2411.02,93,372811880076410880000000,1476,116.16666666666666
