concurrency,cpuTime,mem,totalPaths,maxPaths,avgPaths
5,188.75,38,356644017930240,26,6.383333333333334
5,148.17,38,356644017930240,26,6.383333333333334
