concurrency,cpuTime,mem,totalPaths,maxPaths,avgPaths
20,372084.21,236,249697746903927619584000000000,18530,1893.9166666666665
20,383362.27,193,249697746903927619584000000000,18530,1893.9166666666665
