concurrency,cpuTime,mem,totalPaths,maxPaths,avgPaths
3,109.89,33,432,6,2.379310344827586
3,156.87,34,746496,6,2.706896551724137
3,145.11,34,2985984,6,2.7499999999999987
