concurrency,cpuTime,mem,totalPaths,maxPaths,avgPaths
3,109.51,193,1019215872,12,5.66666666666667
3,129.37,191,1019215872,12,5.66666666666667
