concurrency,cpuTime,mem,totalPaths,maxPaths,avgPaths
2,106.19,94,1024,4,2.3000000000000003
2,127.54,94,1024,4,2.3000000000000003
2,125.81,94,1024,4,2.3000000000000003
