concurrency,cpuTime,mem,totalPaths,maxPaths,avgPaths
4,207.03,38,104485552128,28,7.733333333333335
4,156.84,38,104485552128,28,7.733333333333335
