concurrency,cpuTime,mem,totalPaths,maxPaths,avgPaths
2,130.57,85,524288,2,1.3166666666666678
2,150.94,85,524288,2,1.3166666666666678
2,119.69,85,524288,2,1.3166666666666678
