concurrency,cpuTime,mem,totalPaths,maxPaths,avgPaths
60,6325.18,87,342843217920000000000000000000,1912,396.2666666666664
60,6444.06,85,342843217920000000000000000000,1912,396.2666666666664
