concurrency,cpuTime,mem,totalPaths,maxPaths,avgPaths
3,124.07,37,1179648,6,2.175438596491228
3,98.94,37,1179648,6,2.1666666666666665
