concurrency,cpuTime,mem,totalPaths,maxPaths,avgPaths
10,11609.98,93,1381044328555056463872000,4010,419.78333333333325
10,12465.59,93,1381044328555056463872000,4010,419.78333333333325
