concurrency,cpuTime,mem,totalPaths,maxPaths,avgPaths
5,131.35,35,6687075336192,40,13.633333333333333
5,158.69,37,6687075336192,40,13.633333333333333
