concurrency,cpuTime,mem,totalPaths,maxPaths,avgPaths
60,493.22,33,7044820107264000,268,33.64999999999999
60,444.50,33,7044820107264000,268,33.64999999999999
