concurrency,cpuTime,mem,totalPaths,maxPaths,avgPaths
12,520.73,84,95105071448064000,408,65.51666666666667
12,515.67,141,95105071448064000,408,65.51666666666667
