concurrency,cpuTime,mem,totalPaths,maxPaths,avgPaths
60,13848.49,95,15853825200249372672000000000,2614,427.80000000000007
60,14279.11,94,15853825200249372672000000000,2614,427.80000000000007
