concurrency,cpuTime,mem,totalPaths,maxPaths,avgPaths
10,2795.21,71,192587769682329600000,3006,250.1166666666667
10,2782.40,74,192587769682329600000,3006,250.1166666666667
