concurrency,cpuTime,mem,totalPaths,maxPaths,avgPaths
40,228.99,90,995328,20,4.049999999999999
40,235.82,91,995328,20,4.049999999999999
