concurrency,cpuTime,mem,totalPaths,maxPaths,avgPaths
40,322.31,32,429981696,40,7.374999999999999
40,294.57,31,429981696,40,7.374999999999999
