concurrency,cpuTime,mem,totalPaths,maxPaths,avgPaths
40,436.33,92,2786281390080,68,14.325000000000001
40,358.44,93,2786281390080,68,14.325000000000001
