concurrency,cpuTime,mem,totalPaths,maxPaths,avgPaths
4,255.43,89,2654208,10,3.3000000000000007
4,225.39,90,2654208,10,3.3000000000000007
