concurrency,cpuTime,mem,totalPaths,maxPaths,avgPaths
20,5361.72,130,187280916480,2684,233.65000000000003
20,5454.92,131,187280916480,2684,233.65000000000003
