concurrency,cpuTime,mem,totalPaths,maxPaths,avgPaths
2,269.43,90,1024,2,1.2500000000000002
2,108.10,91,1024,2,1.2500000000000002
2,205.59,90,1024,2,1.2500000000000002
