concurrency,cpuTime,mem,totalPaths,maxPaths,avgPaths
20,316.33,91,27518828544,28,8.199999999999998
20,262.36,93,27518828544,28,8.199999999999998
