concurrency,cpuTime,mem,totalPaths,maxPaths,avgPaths
10,845.15,99,44789760000000,710,93.82500000000002
10,805.33,101,44789760000000,710,93.82500000000002
