concurrency,cpuTime,mem,totalPaths,maxPaths,avgPaths
4,271.01,89,82944,7,1.8250000000000004
4,256.76,89,82944,7,1.8250000000000004
