concurrency,cpuTime,mem,totalPaths,maxPaths,avgPaths
20,440.97,94,1791590400,148,25.250000000000004
20,366.59,92,1791590400,148,25.250000000000004
20,205.94,97,1791590400,148,25.250000000000004
