concurrency,cpuTime,mem,totalPaths,maxPaths,avgPaths
40,274.98,91,424673280,26,5.574999999999998
40,226.15,91,424673280,26,5.574999999999998
