concurrency,cpuTime,mem,totalPaths,maxPaths,avgPaths
5,249.53,93,254803968,28,8.600000000000001
5,232.50,92,254803968,28,8.600000000000001
