concurrency,cpuTime,mem,totalPaths,maxPaths,avgPaths
4,225.64,91,53747712,28,7.850000000000001
4,250.00,91,53747712,28,7.850000000000001
