concurrency,cpuTime,mem,totalPaths,maxPaths,avgPaths
2,209.74,90,256,4,2.350000000000001
2,127.75,91,256,4,2.350000000000001
