concurrency,cpuTime,mem,totalPaths,maxPaths,avgPaths
5,274.62,90,165888,8,2.9000000000000004
5,222.52,90,165888,8,2.9000000000000004
