concurrency,cpuTime,mem,totalPaths,maxPaths,avgPaths
4,266.45,90,55296,6,2.6000000000000005
4,134.01,91,55296,6,2.6000000000000005
4,297.99,89,55296,6,2.6000000000000005
