concurrency,cpuTime,mem,totalPaths,maxPaths,avgPaths
40,242.99,89,829440,27,4.350000000000001
40,308.71,91,829440,27,4.350000000000001
