concurrency,cpuTime,mem,totalPaths,maxPaths,avgPaths
8,252.17,89,62208,6,2.7750000000000004
8,216.98,90,62208,6,2.7750000000000004
