concurrency,cpuTime,mem,totalPaths,maxPaths,avgPaths
10,332.75,93,39813120,136,20.749999999999996
10,338.43,94,39813120,136,20.749999999999996
10,208.19,98,39813120,136,20.749999999999996
