concurrency,cpuTime,mem,totalPaths,maxPaths,avgPaths
2,242.48,90,32768,2,1.3749999999999998
2,202.14,90,32768,2,1.3749999999999998
