concurrency,cpuTime,mem,totalPaths,maxPaths,avgPaths
8,296.20,92,2786918400,66,10.725000000000001
8,297.08,93,2786918400,66,10.725000000000001
8,312.24,92,2786918400,66,10.725000000000001
