concurrency,cpuTime,mem,totalPaths,maxPaths,avgPaths
10,3815.39,125,244944000000000,2284,395.30000000000007
10,3671.20,125,244944000000000,2284,395.30000000000007
