concurrency,cpuTime,mem,totalPaths,maxPaths,avgPaths
5,204.53,90,11943936,8,3.5250000000000004
5,222.12,89,11943936,8,3.5250000000000004
