concurrency,cpuTime,mem,totalPaths,maxPaths,avgPaths
2,236.24,90,512,2,1.2250000000000005
2,233.43,90,512,2,1.2250000000000005
2,171.55,91,512,2,1.2250000000000005
