concurrency,cpuTime,mem,totalPaths,maxPaths,avgPaths
10,216.47,90,7962624,19,4.199999999999999
10,239.70,90,7962624,19,4.199999999999999
