concurrency,cpuTime,mem,totalPaths,maxPaths,avgPaths
4,225.09,90,6912,6,2.4250000000000003
4,129.72,91,6912,6,2.4250000000000003
4,259.12,90,6912,6,2.4250000000000003
