concurrency,cpuTime,mem,totalPaths,maxPaths,avgPaths
4,221.66,90,1024,2,1.2500000000000004
4,164.15,91,1024,2,1.2500000000000004
4,133.00,91,1024,2,1.2500000000000004
4,142.18,93,1024,2,1.2500000000000004
4,220.85,90,1024,2,1.2500000000000004
