concurrency,cpuTime,mem,totalPaths,maxPaths,avgPaths
5,219.15,91,20155392,20,4.250000000000001
5,222.19,91,20155392,20,4.250000000000001
