concurrency,cpuTime,mem,totalPaths,maxPaths,avgPaths
10,268.99,91,573308928,20,5.250000000000001
10,233.15,91,573308928,20,5.250000000000001
