concurrency,cpuTime,mem,totalPaths,maxPaths,avgPaths
5,212.00,90,589824,10,3.1999999999999997
5,224.72,89,589824,10,3.1999999999999997
