concurrency,cpuTime,mem,totalPaths,maxPaths,avgPaths
10,284.06,278,1433272320000,248,48.699999999999996
10,207.17,278,1433272320000,248,48.699999999999996
