concurrency,cpuTime,mem,totalPaths,maxPaths,avgPaths
4,101.87,214,11609505792,28,10.350000000000001
4,123.64,214,11609505792,28,10.350000000000001
