concurrency,cpuTime,mem,totalPaths,maxPaths,avgPaths
2,78.34,278,16384,4,2.650000000000001
2,70.40,278,16384,4,2.650000000000001
