concurrency,cpuTime,mem,totalPaths,maxPaths,avgPaths
40,253.91,30,4478976,20,4.7777777777777795
40,185.98,31,4478976,20,4.702702702702704
40,155.75,32,4478976,20,4.500000000000002
