concurrency,cpuTime,mem,totalPaths,maxPaths,avgPaths
2,102.66,34,64,2,1.3000000000000003
2,116.40,34,8192,2,1.3250000000000002
