concurrency,cpuTime,mem,totalPaths,maxPaths,avgPaths
2,90.79,34,64,2,1.3333333333333337
2,83.86,35,1024,2,1.2500000000000002
2,94.49,35,1024,2,1.2500000000000002
