concurrency,cpuTime,mem,totalPaths,maxPaths,avgPaths
5,207.44,30,497664,24,7.766666666666667
5,153.92,31,15925248,24,7.625000000000001
5,153.77,34,15925248,24,7.625000000000001
