concurrency,cpuTime,mem,totalPaths,maxPaths,avgPaths
40,10838.20,278,11609505792000000,3540,630.025641025641
40,10561.23,145,11609505792000000,3540,614.5749999999999
