concurrency,cpuTime,mem,totalPaths,maxPaths,avgPaths
5,169.13,190,89579520,39,7.874999999999999
5,97.07,190,89579520,39,7.874999999999999
5,113.94,278,89579520,39,7.874999999999999
