concurrency,cpuTime,mem,totalPaths,maxPaths,avgPaths
40,264.17,132,23776267862016,428,63.24999999999998
40,296.68,132,23776267862016,428,63.24999999999998
