concurrency,cpuTime,mem,totalPaths,maxPaths,avgPaths
4,116.81,51,483729408,42,13.474999999999998
4,126.78,51,483729408,42,13.474999999999998
