concurrency,cpuTime,mem,totalPaths,maxPaths,avgPaths
40,315.72,278,3538944,29,4.8999999999999995
40,302.90,214,3538944,29,4.8999999999999995
