concurrency,cpuTime,mem,totalPaths,maxPaths,avgPaths
10,178.26,278,37748736000,140,40.525000000000006
10,206.50,145,37748736000,140,40.525000000000006
