concurrency,cpuTime,mem,totalPaths,maxPaths,avgPaths
2,98.59,278,8192,2,1.3250000000000002
2,88.23,278,8192,2,1.3250000000000002
