concurrency,cpuTime,mem,totalPaths,maxPaths,avgPaths
4,142.57,190,7962624,24,9.600000000000001
4,96.87,278,7962624,24,9.600000000000001
