concurrency,cpuTime,mem,totalPaths,maxPaths,avgPaths
10,536.75,145,148601674137600,1128,121.64999999999998
10,468.16,145,148601674137600,1128,121.64999999999998
