concurrency,cpuTime,mem,totalPaths,maxPaths,avgPaths
20,557376.21,278,151697542348800000,36760,2794.0000000000005
20,528034.93,214,151697542348800000,36760,2794.0000000000005
