concurrency,cpuTime,mem,totalPaths,maxPaths,avgPaths
10,8633.11,278,49930162510233600,4356,509.37499999999994
10,8776.02,145,49930162510233600,4356,509.37499999999994
