concurrency,cpuTime,mem,totalPaths,maxPaths,avgPaths
20,703.32,46,1547934105600,804,113.2307692307692
20,573.85,46,1547934105600,804,113.2307692307692
