concurrency,cpuTime,mem,totalPaths,maxPaths,avgPaths
20,650.72,278,4565043429507072,856,89.70000000000002
20,498.77,278,4565043429507072,856,89.70000000000002
