concurrency,cpuTime,mem,totalPaths,maxPaths,avgPaths
5,125.63,33,644972544,48,14.999999999999998
5,101.38,33,644972544,48,14.999999999999998
