concurrency,cpuTime,mem,totalPaths,maxPaths,avgPaths
4,62.79,145,13824,16,6.592592592592591
4,103.05,145,884736,16,7.049999999999999
4,72.13,145,884736,16,7.049999999999999
