concurrency,cpuTime,mem,totalPaths,maxPaths,avgPaths
20,968.44,278,438344362229760000,1070,208.45000000000002
20,933.03,145,438344362229760000,1070,208.45000000000002
